RevolvingUtilizationOfUnsecuredLines,age,NumberOfTime30-59DaysPastDueNotWorse,DebtRatio,MonthlyIncome,NumberOfOpenCreditLinesAndLoans,NumberOfTimes90DaysLate,NumberRealEstateLoansOrLines,NumberOfTime60-89DaysPastDueNotWorse,NumberOfDependents,CreditScore
0.3745401188473625,70,10,2.719028639331187,8850,8,19,1,8,1,613
0.9507143064099162,29,4,0.49933410568089087,7416,3,5,7,8,1,446
0.7319939418114051,79,0,3.440222219180069,2504,14,3,7,6,4,761
0.5986584841970366,25,2,1.2094444177707298,9924,11,14,9,1,2,785
0.15601864044243652,38,18,4.5553435138369185,4924,2,0,5,15,3,709
0.15599452033620265,87,6,4.191326797728524,9615,13,6,4,8,2,326
0.05808361216819946,89,11,3.5469148354369544,5485,16,11,7,12,2,328
0.8661761457749352,42,14,4.744229779155652,9100,18,9,3,18,4,570
0.6011150117432088,29,4,0.15710910755636465,9684,5,4,3,19,3,800
0.7080725777960455,32,14,3.68100212530381,1191,3,11,4,16,0,552
0.020584494295802447,76,7,1.6512138966820267,9690,6,17,0,5,3,684
0.9699098521619943,43,9,4.530329428431826,5917,18,9,0,3,0,359
0.8324426408004217,43,15,1.333375983309888,6831,16,5,1,0,3,406
0.21233911067827616,64,7,3.624282496575085,5322,15,11,7,17,1,519
0.18182496720710062,49,0,4.388235098253907,7999,14,6,6,18,3,740
0.18340450985343382,27,11,0.20828409191341213,8282,7,17,9,8,4,845
0.3042422429595377,33,4,1.9882378979601807,2874,18,1,8,12,0,395
0.5247564316322378,88,2,3.8115451601096932,5763,7,9,4,7,2,388
0.43194501864211576,34,0,2.274594447537935,9464,17,14,1,12,4,530
0.2912291401980419,40,3,1.3362631489679766,2051,15,11,6,14,0,574
0.6118528947223795,43,7,1.09902674411595,8538,19,16,7,10,0,545
0.13949386065204183,24,2,0.6575913345818896,8411,18,3,6,11,2,410
0.29214464853521815,31,9,4.285647799281412,7320,9,6,6,13,1,533
0.3663618432936917,24,1,2.8767770162577797,3105,16,8,4,3,4,577
0.45606998421703593,26,10,0.3819247249572799,1307,12,18,1,0,2,776
0.7851759613930136,65,9,1.9129016178531772,8737,12,6,5,3,2,716
0.19967378215835974,89,13,1.8386682540255495,4359,6,1,3,18,1,427
0.5142344384136116,76,6,0.9086959535473149,4176,9,5,9,8,4,536
0.5924145688620425,56,1,2.1775381273609535,2251,1,17,1,9,2,427
0.046450412719997725,35,8,1.6604968269656823,6366,3,5,8,3,1,693
0.6075448519014384,76,15,1.7090185274609127,2517,5,12,6,19,4,774
0.17052412368729153,34,12,3.6951327889397936,7226,17,18,5,8,3,694
0.06505159298527952,31,8,1.1163169275259817,6305,5,1,4,12,0,410
0.9488855372533332,48,19,3.209299794276777,6869,16,11,2,11,1,389
0.9656320330745594,41,3,2.8532481194046744,9039,13,14,9,10,0,579
0.8083973481164611,77,9,2.8404625616893364,5891,10,13,9,11,3,632
0.3046137691733707,62,11,3.3150367307088797,5992,18,5,3,17,2,523
0.09767211400638387,20,16,2.7419101809782696,2961,1,17,2,11,2,400
0.6842330265121569,54,13,4.3962755742319235,3863,2,4,7,15,4,431
0.4401524937396013,60,13,3.377900459751299,7603,10,17,2,4,1,312
0.12203823484477883,57,1,2.7348162568569405,5567,5,2,6,19,1,756
0.4951769101112702,72,19,4.1488156014382245,7513,13,2,6,11,4,740
0.034388521115218396,56,10,3.030732824667399,5005,18,9,6,10,0,397
0.9093204020787821,32,15,1.4557212389258951,1183,15,18,6,8,2,419
0.2587799816000169,21,18,1.0354745908828562,8755,6,2,1,17,2,592
0.662522284353982,42,5,0.761638928313394,4358,7,11,9,2,1,300
0.31171107608941095,30,18,4.497276062730508,7615,18,15,2,19,1,549
0.5200680211778108,50,4,3.550677158990329,7797,19,16,9,16,4,448
0.5467102793432796,33,3,4.686892190821604,9728,15,6,8,13,3,694
0.18485445552552704,59,14,3.0164590285747153,8678,6,12,2,0,0,343
0.9695846277645586,83,3,2.3670044074745626,6698,8,1,1,16,3,343
0.7751328233611146,72,19,0.2985824448544466,2273,12,3,8,7,3,377
0.9394989415641891,59,9,3.358211407730149,7653,0,9,9,4,1,525
0.8948273504276488,51,2,2.9110437988411557,2096,7,6,8,4,1,461
0.5978999788110851,47,4,4.951044467938107,9002,3,16,3,8,1,552
0.9218742350231168,30,5,1.1957938889112152,5247,2,19,8,2,3,431
0.0884925020519195,30,7,2.653686776434179,6314,2,5,2,18,0,747
0.1959828624191452,35,6,3.2547866755903634,4354,12,18,6,8,1,773
0.045227288910538066,49,9,3.222955873711718,1270,7,4,6,17,2,408
0.32533033076326434,56,5,2.8064677147420136,2186,6,9,7,15,0,334
0.388677289689482,63,13,3.8846400516361275,7305,0,8,9,0,2,766
0.2713490317738959,46,3,1.024906047634082,3398,15,12,3,1,0,574
0.8287375091519293,79,12,3.6281360013720794,7995,5,18,2,13,1,486
0.3567533266935893,79,19,3.098672857165446,8299,6,5,2,13,4,542
0.28093450968738076,74,16,4.480375558972867,5182,11,3,4,0,1,563
0.5426960831582485,33,6,4.235972195167909,3230,8,2,0,15,3,821
0.14092422497476265,73,3,1.5757351956627663,7511,10,2,9,14,3,840
0.8021969807540397,27,13,1.3811866248757654,1128,9,3,2,14,0,386
0.07455064367977082,47,2,4.908266619262239,4672,0,4,5,11,3,834
0.9868869366005173,42,4,2.6363259045762826,5765,17,7,2,15,1,509
0.7722447692966574,22,15,4.532104819572184,4970,3,15,4,13,2,345
0.1987156815341724,82,19,0.819405118902411,8545,4,2,8,14,1,766
0.005522117123602399,66,3,3.2140945740008715,6552,8,11,1,14,0,839
0.8154614284548342,20,1,4.049300936802931,1627,16,7,1,18,3,325
0.7068573438476171,62,17,4.736976247932234,7589,2,12,5,7,2,565
0.7290071680409873,31,18,1.6867007050851175,3044,15,3,5,1,4,474
0.7712703466859457,47,18,3.624905849620262,3341,4,13,7,1,2,815
0.07404465173409036,85,16,2.694065045198095,6884,15,13,1,9,2,610
0.3584657285442726,35,13,0.30314463033234096,9185,2,12,8,2,1,621
0.11586905952512971,79,18,3.449998686544717,1249,19,5,1,16,4,434
0.8631034258755935,54,12,3.4504827911892173,3925,14,16,0,7,0,354
0.6232981268275579,42,11,4.653034024232685,6043,2,3,9,3,0,842
0.3308980248526492,65,5,2.486562230844862,1974,19,7,1,13,2,830
0.06355835028602363,82,3,1.1512546035525735,8192,13,16,6,9,2,455
0.3109823217156622,70,18,0.22281911724339576,3672,15,2,7,0,3,446
0.32518332202674705,32,15,2.0782109334295287,8279,16,16,4,3,4,784
0.7296061783380641,66,12,1.509583500387509,8531,19,8,5,0,2,319
0.6375574713552131,85,3,3.805441530119378,9662,17,1,0,16,3,568
0.8872127425763265,29,16,1.771338824205233,2987,17,12,5,16,4,632
0.4722149251619493,76,0,4.745355981574219,1090,13,19,7,6,0,700
0.1195942459383017,54,17,4.811551014938921,9721,17,1,2,19,3,605
0.713244787222995,78,19,3.1045429510885403,5059,14,19,0,14,4,327
0.7607850486168974,60,16,4.643301435074415,3773,14,10,3,12,3,766
0.5612771975694962,87,14,3.8042717225724783,9383,5,14,0,1,2,559
0.770967179954561,56,10,2.734298204875631,8409,14,10,7,18,1,833
0.49379559636439074,73,12,0.9015396771138906,5440,17,2,4,12,0,400
0.5227328293819941,80,0,2.2929897175692,8347,3,2,0,10,2,652
0.42754101835854963,63,16,2.804372316813088,2008,7,11,7,14,2,599
0.02541912674409519,28,5,4.319807903675051,4783,14,4,8,9,4,595
0.10789142699330445,79,3,2.4066668826783246,7646,2,19,9,8,3,652
0.03142918568673425,42,19,4.488373363389783,5298,14,6,1,8,0,429
0.6364104112637804,88,15,3.3717448951173443,5668,12,6,8,19,2,455
0.3143559810763267,69,14,0.6849953152683569,5287,8,12,7,0,4,373
0.5085706911647028,21,14,4.974906846625465,3052,1,8,6,16,0,641
0.907566473926093,76,5,2.636163303769563,7009,7,12,2,11,3,764
0.24929222914887494,89,14,1.9592914820453944,2716,19,11,1,9,2,389
0.41038292303562973,37,13,3.2955688223476325,1310,16,12,6,4,2,754
0.7555511385430487,80,10,0.5444665699051954,5538,12,9,4,17,2,631
0.22879816549162246,71,6,3.1826932337667717,2260,0,0,5,14,0,647
0.07697990982879299,74,8,2.491180002496365,4932,1,7,3,5,0,532
0.289751452913768,58,15,2.0333703499929157,1584,14,15,1,6,0,401
0.16122128725400442,20,4,4.765100105894496,8616,11,12,8,16,0,780
0.9296976523425731,23,19,2.6126985836602663,9551,13,2,2,5,4,513
0.808120379564417,22,9,1.0955873973496921,3866,1,2,6,7,1,407
0.6334037565104235,22,17,2.294817396886493,6898,17,4,7,11,4,464
0.8714605901877177,71,2,4.596937022863363,3011,6,10,1,13,2,634
0.8036720768991145,64,12,0.8804773566529733,7251,5,6,5,11,4,385
0.18657005888603584,66,10,1.0697851934411844,5939,13,9,7,9,3,723
0.8925589984899778,26,16,0.06514783878541874,5006,7,9,6,19,0,663
0.5393422419156507,37,12,0.0709502469788359,2625,1,19,2,14,3,359
0.8074401551640625,78,5,4.146958134792563,1890,16,1,0,6,3,781
0.8960912999234932,52,16,3.660613034214779,7078,4,2,5,8,2,549
0.3180034749718639,67,12,1.7752052822597912,8036,13,7,7,9,0,416
0.11005192452767676,79,18,3.4915557861378637,9923,19,10,5,9,3,844
0.22793516254194168,34,18,1.9760296315498511,4961,2,12,4,15,2,343
0.4271077886262563,20,9,4.764483979989137,3504,4,6,7,6,0,808
0.8180147659224931,49,2,4.835263407130174,9806,15,12,1,4,1,464
0.8607305832563434,30,13,1.963968879046717,4806,17,1,0,2,2,667
0.006952130531190703,85,18,4.27110953170434,7100,16,5,0,17,4,591
0.5107473025775657,31,4,3.8654452084873308,2719,10,8,3,10,0,585
0.417411003148779,28,4,1.5499996858589467,7686,16,19,5,14,3,503
0.22210781047073025,73,19,1.1601991445055297,2587,15,1,8,19,3,823
0.1198653673336828,84,16,2.291173251964169,8000,1,17,0,4,4,420
0.33761517140362796,46,9,3.906744203072031,1896,3,15,0,11,4,487
0.9429097039125192,26,4,4.800838923643727,6558,6,11,4,3,3,312
0.32320293202075523,84,3,3.8178953443328627,9469,1,6,9,14,0,499
0.5187906217433661,42,5,4.27603492509185,5647,5,6,4,8,2,755
0.7030189588951778,59,3,3.0153215308525825,3432,16,16,4,6,4,747
0.363629602379294,26,6,4.17703915421063,4904,6,12,9,9,4,370
0.9717820827209607,57,6,3.922104290017088,7837,4,10,5,12,4,429
0.9624472949421112,42,17,1.8849277096314005,2449,4,5,7,7,1,342
0.25178229582536416,22,2,2.7599515106036057,5500,19,13,2,11,0,819
0.49724850589238545,28,0,4.023765609948474,6454,15,5,8,18,0,312
0.30087830981676966,76,3,0.23028367094978186,5117,18,5,0,0,0,834
0.2848404943774676,55,5,4.04039641177915,9869,8,1,3,15,0,601
0.036886947354532795,89,8,0.8894406202451172,3028,4,19,8,16,0,826
0.6095643339798968,22,13,2.573418085607195,7845,7,14,7,17,3,414
0.5026790232288615,65,11,4.041377197779688,4758,8,16,9,10,4,759
0.05147875124998935,35,19,1.2691053907834742,6904,4,7,8,17,3,804
0.27864646423661144,87,3,1.229037196530765,5624,9,4,0,6,1,607
0.9082658859666537,54,11,2.0138219923112595,9848,1,16,8,17,2,624
0.23956189066697242,77,9,4.4732139878881725,1165,8,19,2,7,4,474
0.1448948720912231,65,6,0.002213907186039421,5591,10,0,9,5,1,813
0.489452760277563,45,2,4.506915483209674,1589,3,17,8,6,3,471
0.9856504541106007,86,13,0.7690351232080389,5524,1,14,0,9,2,801
0.2420552715115004,57,9,4.95043188033741,3821,5,4,0,10,1,633
0.6721355474058786,62,15,4.77423496519234,7509,13,6,8,12,2,583
0.7616196153287176,79,15,2.4733759479564164,8693,0,17,5,8,1,774
0.23763754399239967,75,9,2.5636012390631406,1071,17,5,3,6,3,353
0.7282163486118596,84,12,2.4077467013792715,4580,6,4,6,8,2,757
0.3677831327192532,73,5,3.177218228297613,8962,0,18,4,12,1,719
0.6323058305935795,57,11,0.45360851117465517,1268,0,9,9,2,3,708
0.6335297107608947,57,8,0.16308974170783253,3462,0,14,6,2,4,603
0.5357746840747585,50,12,0.2885146420794943,2015,3,9,7,0,3,521
0.0902897700544083,23,3,2.221826746207572,8984,3,15,7,19,3,832
0.835302495589238,36,10,1.377739696097417,1406,17,11,0,1,4,457
0.32078006497173583,57,19,3.110197811854969,8384,10,17,7,2,3,647
0.18651851039985423,76,17,4.962211446873895,7049,0,0,5,14,4,458
0.040775141554763916,76,10,1.9316158653823297,7169,9,15,3,5,4,534
0.5908929431882418,65,3,2.8692062705225667,8982,8,5,7,12,4,704
0.6775643618422824,58,17,2.0780194795366773,1985,3,2,2,0,1,556
0.016587828927856152,30,0,4.236358338609297,5485,5,1,3,19,2,346
0.512093058299281,62,6,4.5111820173111905,9901,15,1,5,18,1,512
0.22649577519793795,70,5,4.3867780610263,3618,1,12,6,0,4,778
0.6451727904094499,59,14,4.871861193396288,7289,17,8,3,1,2,786
0.17436642900499144,80,17,0.13759592570207646,7928,9,15,3,14,2,641
0.690937738102466,44,10,4.199080810727655,6368,16,4,6,13,4,823
0.3867353463005374,55,19,3.7588608651954662,5621,12,6,5,18,2,802
0.9367299887367345,77,14,1.1434720470018238,8566,17,12,7,10,2,305
0.13752094414599325,24,15,4.781600466937638,5670,12,19,0,14,1,443
0.3410663510502585,22,6,0.7408896411497273,8658,16,12,9,5,2,560
0.11347352124058907,62,9,3.397749635669542,2003,4,6,6,19,4,531
0.9246936182785628,75,11,1.1244510840795625,8504,10,9,6,8,0,569
0.877339353380981,48,13,2.1569032438703735,3466,6,14,6,4,0,746
0.2579416277151556,40,4,3.5957994847228445,2939,9,5,6,19,0,521
0.659984046034179,59,17,2.8166232101652335,2635,16,4,9,1,4,351
0.8172222002012158,27,4,2.1375091566405584,9095,14,1,9,5,0,415
0.5552008115994623,49,2,1.6316921546599361,7265,17,14,7,17,1,837
0.5296505783560065,70,4,4.198298278543952,2895,18,15,8,18,4,840
0.24185229090045168,47,16,0.7190717515740686,7524,1,18,8,8,4,318
0.09310276780589921,56,18,2.1505143826490003,2073,3,8,1,5,4,691
0.8972157579533268,48,18,4.518787858875711,6184,2,18,6,13,2,718
0.9004180571633305,19,11,4.229247752299838,3402,6,6,6,12,2,608
0.6331014572732679,29,8,2.0047088123652337,5895,17,3,3,10,2,485
0.3390297910487007,56,0,3.8155418180065412,8331,9,2,8,11,3,560
0.3492095746126609,83,17,4.115804153544296,2956,6,19,7,18,1,827
0.7259556788702394,30,3,4.444437120018149,8023,7,10,0,18,4,572
0.8971102599525771,63,9,2.72252884524614,4907,5,0,1,18,4,459
0.8870864242651173,44,6,1.022304430273559,1807,0,5,1,12,2,523
0.7798755458576239,34,0,1.2765453825196582,9378,3,10,7,13,4,555
0.6420316461542878,77,16,1.478473370208021,5827,13,0,0,17,4,479
0.08413996499504883,81,1,2.9690124040480774,5524,16,6,3,11,0,319
0.16162871409461377,52,10,0.1640481206430422,3284,19,5,9,3,4,767
0.8985541885270792,87,8,3.1802123438998415,6313,17,13,4,9,3,509
0.6064290596595899,47,6,1.82177119214116,1757,10,1,8,16,2,812
0.009197051616629648,88,16,1.4762090124482108,5887,13,3,6,3,1,357
0.1014715428660321,80,16,4.397482853640632,4854,8,10,7,11,1,392
0.6635017691080558,45,1,2.3000119779039947,4558,14,14,8,12,0,520
0.005061583846218687,77,5,0.4752652276634639,1961,11,17,6,3,1,531
0.16080805141749865,54,13,4.133733840131235,4847,9,0,4,9,1,663
0.5487337893665861,39,5,0.238206287182533,7726,18,2,4,2,2,673
0.6918951976926933,85,1,3.6337461208409834,4575,18,2,9,14,2,755
0.6519612595026005,37,0,3.8695311088533257,3418,5,6,5,1,3,387
0.22426930946055978,85,9,1.763013029644291,5198,19,0,4,16,0,319
0.7121792213475359,81,4,4.1239392813889335,2001,5,10,8,5,1,313
0.23724908749680007,34,1,2.5782970292822673,6244,7,5,2,7,3,432
0.3253996981592677,29,15,2.316468266363984,8119,0,19,2,2,0,333
0.7464914051180241,39,1,0.22701640734346273,5066,16,2,6,17,1,507
0.6496328990472147,34,9,1.4501459682445295,3845,16,18,6,0,1,498
0.8492234104941779,27,1,4.655049854426499,9849,14,1,5,15,2,454
0.6576128923003434,82,15,1.9591198164175,6316,6,17,2,6,4,377
0.5683086033354716,39,15,2.7335026027838416,1422,18,11,6,2,0,471
0.09367476782809248,67,18,2.660108394921259,7715,2,9,4,3,1,588
0.3677158030594335,31,6,2.9521554491134667,5266,10,4,6,8,0,844
0.26520236768172545,81,11,0.30665477821641307,8549,19,8,1,4,3,719
0.24398964337908358,64,14,1.8108812739936413,7316,18,1,5,18,3,306
0.9730105547524456,46,7,3.6156413694127707,3710,8,1,7,14,4,459
0.3930977246667604,53,5,1.0028012553649146,9644,9,5,0,7,1,539
0.8920465551771133,69,9,1.0178918877318022,9069,1,9,3,5,2,722
0.6311386259972629,24,2,0.05045303344512364,2657,0,17,0,17,1,835
0.7948113035416484,46,18,2.1874096330410486,3541,15,11,0,18,0,369
0.5026370931051921,28,16,4.41367190336711,7763,17,3,9,14,3,515
0.5769038846263591,50,6,0.25950471793654506,4075,16,16,7,6,0,403
0.4925176938188639,23,19,0.9555935474800131,4164,5,14,6,9,4,353
0.1952429877980445,49,3,1.5504226917137753,3053,13,5,9,5,3,629
0.7224521152615053,68,13,3.6586236828210645,9479,14,15,0,13,2,502
0.2807723624408558,75,19,3.2031779640129328,6737,13,16,1,16,3,587
0.02431596643145384,43,14,2.0797195229092753,4217,2,2,3,8,1,344
0.6454722959071678,63,7,3.7953446962918784,2447,18,9,0,18,1,497
0.17711067940704894,46,14,3.0481550582845096,7009,11,4,2,4,3,515
0.9404585843529143,21,19,4.480203998286095,1607,1,13,7,6,4,780
0.9539285770025874,30,13,4.090133745693465,5552,2,12,7,18,1,608
0.9148643902204485,56,8,1.2640680304460028,2764,17,5,7,19,1,734
0.3701587002554444,32,7,1.3571928881710011,3671,0,11,5,6,2,631
0.015456616528867428,46,16,0.6267823789619281,7519,19,7,5,1,3,326
0.9283185625877254,46,1,1.6848236285872824,4962,5,4,4,15,1,465
0.42818414831731433,49,2,4.9977195935954715,4177,4,14,8,12,4,617
0.9666548190436696,19,7,2.028755843075305,4722,0,15,3,7,0,573
0.9636199770892528,64,11,1.102442173445532,5906,18,0,9,5,3,682
0.8530094554673601,39,0,3.812414422377765,8263,0,15,6,5,2,664
0.2944488920695857,44,9,2.71235501731328,6054,15,4,0,8,1,402
0.38509772860192526,84,19,0.7480072476347627,1808,11,2,8,3,4,802
0.8511366715168569,73,2,1.9034484058043288,1725,7,19,6,10,3,672
0.31692200515627766,38,5,2.0723485776967165,8701,15,14,9,4,4,544
0.1694927466860925,64,6,3.769148502846093,2216,0,12,8,16,4,468
0.5568012624583502,76,19,0.10335684445952231,5051,3,15,6,19,2,717
0.936154774160781,23,17,1.3450982339915525,3197,9,10,1,6,3,655
0.696029796674973,36,10,2.58798150657761,3806,10,1,5,14,1,777
0.570061170089365,74,18,1.3442337122642167,9970,16,5,9,14,2,424
0.09717649377076854,86,4,3.1421702370949944,1972,6,5,3,13,1,836
0.6150072266991697,20,18,2.409337396373083,6634,11,13,2,12,0,701
0.9900538501042633,18,10,1.808551274297903,8483,6,10,1,10,4,816
0.14008401523652403,75,11,4.746043134352561,3123,11,7,5,12,0,830
0.5183296523637367,55,9,3.160797495932287,9790,14,7,7,8,4,553
0.8773730719279554,32,7,0.6497068613397061,1224,1,0,5,9,2,420
0.7407686177542044,51,8,2.8004584872169773,2814,13,6,8,3,1,331
0.697015740995268,78,3,3.903659266004505,2106,12,5,4,16,1,336
0.7024840839871093,52,4,3.5424484874639868,1124,3,7,1,13,2,641
0.35949115121975517,81,7,0.8604461464762969,4246,13,18,7,17,3,312
0.29359184426449336,42,8,4.862099995200516,3931,13,19,8,10,0,482
0.8093611554785136,41,14,2.24406822873303,3971,15,7,9,15,0,564
0.8101133946791808,29,14,0.7951250187013065,3017,6,13,3,0,1,387
0.8670723185801037,35,15,0.9009787706407396,8415,18,17,5,6,1,761
0.9132405525564713,32,13,0.4911749609454025,3415,1,15,9,9,1,345
0.5113423988609378,44,7,4.017590542174672,4096,9,8,7,8,2,691
0.5015162946871996,89,17,0.6101524716092432,2609,17,14,8,2,3,418
0.7982951789667752,77,9,0.6256262857087347,1717,16,9,4,13,0,830
0.6499639307777652,63,19,4.252358073804189,4561,4,15,5,14,4,746
0.7019668772577033,34,5,1.723020422237798,7782,11,3,3,1,2,345
0.795792669436101,70,11,0.15428952154036224,2048,5,19,4,13,0,807
0.8900053418175663,25,1,0.2594764975920544,9307,8,12,6,15,3,825
0.3379951568515358,44,6,0.7108522335194778,8905,19,4,8,6,2,302
0.375582952639944,63,15,1.0669667398784477,6578,0,6,9,3,0,327
0.093981939840869,67,2,3.325730971192027,2620,14,8,5,17,2,680
0.578280140996174,88,12,0.7866314000091412,7548,5,7,5,4,0,456
0.035942273796742086,20,2,0.59437195588536,8381,18,15,7,5,0,810
0.46559801813246016,81,17,3.8235957073813958,5780,17,5,3,6,3,632
0.5426446347075766,61,10,3.355276419299572,4792,5,15,2,14,4,413
0.2865412521282844,70,7,2.1766211072761807,3941,12,5,6,0,3,688
0.5908332605690108,41,5,2.7465488574005197,6695,0,13,4,3,0,786
0.03050024993904943,77,0,1.5599201016320925,7401,12,0,1,0,2,549
0.03734818874921442,20,0,2.4125021011768033,7197,6,8,1,10,3,614
0.8226005606596583,37,7,2.533363244913729,6450,14,12,5,17,4,538
0.3601906414112629,63,4,1.9361863558904795,9975,11,18,7,13,0,533
0.12706051265188478,32,15,4.532861053360814,9432,0,16,0,10,3,602
0.5222432600548044,42,10,0.08030932490503073,6874,14,10,5,9,3,633
0.7699935530986108,88,4,3.910856315456231,2553,3,7,1,16,3,412
0.21582102749684318,34,3,0.6219141562066216,2012,12,4,1,3,3,661
0.6228904758190003,26,5,3.987736802685997,9378,4,9,6,14,2,396
0.085347464993768,55,13,3.079559578383606,2881,1,6,9,15,4,315
0.0516817211686077,65,18,4.216390454682012,7799,0,9,0,12,4,675
0.531354631568148,77,8,0.4875716282044873,5586,15,3,5,8,0,689
0.5406351216101065,80,11,2.7949031704988703,9622,5,8,6,10,1,516
0.6374299014982066,19,10,2.5054394013109853,9430,15,13,7,10,2,698
0.7260913337226615,89,13,3.530965914816793,7447,13,1,6,5,0,559
0.9758520794625346,28,15,2.6714527594683792,3345,2,8,5,0,0,619
0.5163003483011953,81,0,2.703672835665521,1075,14,0,8,5,3,495
0.32295647294124596,89,12,2.1479797178803235,6877,2,9,2,12,1,777
0.7951861947687037,38,12,1.5441721200367042,7785,1,9,5,4,1,717
0.2708322512620742,35,1,2.411321806260961,5922,0,19,3,14,2,774
0.4389714207056361,81,3,0.5924617938420029,9090,8,2,1,17,1,843
0.07845638134226596,55,5,4.807566694915424,3330,8,5,0,19,0,530
0.02535074341545751,49,4,3.5720538181329915,5686,6,5,0,13,1,820
0.9626484146779251,28,2,4.762335583439234,2902,2,1,9,14,1,499
0.8359801205122058,62,0,1.1336369116498162,5670,17,17,2,4,4,320
0.695974206093698,50,3,4.39670510088264,8143,10,1,3,3,0,610
0.4089529444142699,58,19,4.043949922817692,3059,6,11,1,1,1,733
0.17329432007084578,25,1,3.3857620622883684,1140,8,4,0,6,1,670
0.15643704267108605,28,4,3.1251459304260285,2789,0,19,3,9,3,377
0.25024289816459533,68,2,1.5827483263393498,1016,13,6,6,15,1,841
0.5492266647061205,58,8,4.0820539248251535,1464,19,15,9,9,1,584
0.7145959227000623,34,19,2.507577307398669,5471,5,19,5,17,4,439
0.6601973767177313,63,5,0.3544578794564268,2827,6,0,5,16,0,581
0.27993389694594284,49,17,1.56431580427565,9711,9,0,8,12,2,557
0.9548652806631941,71,5,4.676485492726638,6956,6,16,1,0,0,659
0.7378969166957685,37,18,4.253401303024232,1089,1,0,3,0,3,739
0.5543540525114007,50,11,4.909528490382696,5815,3,19,4,14,0,569
0.6117207462343522,57,10,3.1399669130204906,3851,16,12,0,0,1,433
0.4196000624277899,49,1,1.23755036570206,3843,0,8,7,5,3,403
0.24773098950115746,19,14,0.8140752483843189,7543,9,14,7,12,0,394
0.3559726786512616,50,11,0.9345722030423081,6901,18,2,5,0,3,779
0.7578461104643691,47,11,0.09897829173627193,1969,14,13,4,4,2,540
0.014393488629755868,50,8,1.9534105549296958,2094,9,10,7,8,0,312
0.11607264050691624,43,1,0.9571384024977125,7124,18,11,2,16,1,446
0.04600264202175275,39,2,2.0582773022835124,8347,11,12,2,15,3,394
0.040728802318970136,83,11,4.674972159193827,4195,15,12,1,7,4,592
0.8554605840110072,55,15,2.15270104753595,2404,8,0,4,16,3,324
0.7036578593800237,63,0,4.389922484924174,7940,14,9,2,14,4,571
0.4741738290873252,32,2,3.0275238330793823,5290,16,2,2,0,1,804
0.09783416065100148,61,19,1.2356577733069596,4982,13,3,5,11,2,465
0.49161587511683236,66,1,1.779273796296057,6555,17,15,7,4,4,386
0.4734717707805657,78,8,0.41959767910714707,8954,1,7,1,5,2,790
0.17320186991001518,84,18,1.6673129679800525,5713,3,15,3,0,3,440
0.43385164923797304,23,14,3.3877047275176704,4092,17,16,6,0,1,402
0.39850473439737344,26,17,0.3605554646471759,5159,6,18,0,9,4,525
0.6158500980522165,23,10,1.0270070423901467,7308,12,14,0,9,3,593
0.6350936508676438,49,15,1.9072052070665575,8478,14,15,9,2,0,605
0.04530400977204452,58,16,4.9102476850798125,9476,0,14,6,16,3,553
0.3746126146264712,25,4,3.9243091147944007,5933,10,1,6,18,2,479
0.6258599157142364,89,11,3.6674337324605193,5926,9,10,0,10,1,339
0.5031362585800877,67,10,0.5809547826272299,4969,4,0,0,17,1,819
0.8564898411883223,79,14,3.9049794680749574,3965,15,14,3,1,3,845
0.658693631618945,79,2,3.9263440575800757,5319,10,18,4,8,0,535
0.1629344270814297,24,0,3.0055134781216415,9975,5,3,4,16,2,762
0.07056874740042984,21,19,4.951808909991859,8108,8,10,3,13,3,527
0.6424192782063156,23,15,1.6262695296227596,4939,12,4,7,3,3,782
0.026511310541621813,75,1,4.706362241209258,1044,7,2,6,16,1,729
0.5857755812734633,39,1,4.573655574782518,2810,13,12,8,16,2,321
0.9402302414249576,43,2,0.05740329874688921,5566,0,9,6,11,0,642
0.575474177875879,20,7,2.250582632374055,2909,16,10,9,19,1,339
0.3881699262065219,58,14,4.885521165257867,7364,4,17,0,17,3,472
0.6432882184423532,77,6,0.515606812040379,3581,1,1,6,2,1,738
0.45825289049151663,31,5,2.738923471916597,1691,8,6,0,10,1,478
0.5456167893159349,29,8,4.89478753520552,1931,3,8,6,17,4,432
0.9414648087765252,29,19,2.777477120529301,8910,16,9,9,3,1,650
0.38610263780077425,30,0,0.9490765148607799,7382,16,17,7,16,1,824
0.9611905638239142,42,7,2.910916150462949,4406,17,6,8,17,2,839
0.9053506419560637,62,2,1.0222028697477343,9339,15,6,2,4,1,805
0.19579113478929644,36,3,2.5985213144724213,2032,7,2,3,13,0,383
0.06936130087516545,72,14,0.37021108956174,2311,10,11,3,9,3,763
0.10077800137742665,62,5,3.027413346072023,9579,17,6,8,14,2,642
0.018221825651549728,25,14,2.583949695640791,4121,9,16,6,0,1,579
0.0944429607559284,70,2,3.7008068438073156,2873,12,0,2,15,0,562
0.6830067734163568,72,13,3.153502355793925,7781,16,4,9,10,3,465
0.07118864846022899,49,19,2.7480313426537832,4748,17,15,4,19,2,592
0.3189756302937613,68,13,3.448894246240606,1277,9,14,6,5,0,808
0.8448753109694546,61,3,0.7197095678611543,2859,15,1,7,15,1,525
0.023271935735825866,87,11,2.9767983062930203,6929,19,8,0,1,4,469
0.8144684825889358,35,16,0.8605530141138884,7792,4,6,1,0,4,747
0.28185477477339993,39,6,4.6276110392594045,5713,12,3,6,8,2,801
0.11816482762165625,54,8,0.341670524228021,5675,17,19,1,11,0,826
0.6967371653641506,73,2,2.1518737484539665,2170,16,17,6,16,3,678
0.628942846779884,76,12,3.478987388277224,9681,8,3,8,14,0,500
0.877472013527053,20,14,2.2901110583412936,6308,13,12,1,18,4,549
0.7350710438038858,45,17,0.46047626616451176,3462,16,0,6,9,2,708
0.8034809303848486,52,18,2.766895080633537,1287,3,2,3,11,1,424
0.2820345725713065,78,0,3.2081595441367727,6953,17,15,1,13,0,412
0.17743954377972282,71,5,3.518961554952538,5282,19,3,6,8,4,436
0.7506147516408583,80,1,1.8662990723137947,2907,14,15,4,12,3,795
0.806834739267264,24,13,2.818299855143811,2161,10,18,0,2,2,449
0.9905051420006733,66,5,2.2534323746945657,1129,11,0,4,13,1,642
0.4126176769114265,48,13,3.360280193761267,7337,8,4,2,9,0,620
0.37201808579278317,75,3,2.917784836624093,3363,12,18,6,15,3,831
0.7764129607419968,78,7,2.6287810977956743,9151,14,10,5,6,1,588
0.34080354025301784,41,2,1.2476218341912433,6983,14,12,7,3,4,788
0.9307573256035647,37,18,0.010092588741169584,1143,4,19,4,19,4,791
0.8584127518430118,54,13,0.8704083765571463,9207,18,4,1,10,3,551
0.42899402737501835,21,19,0.5853302071208433,8469,19,3,8,15,4,376
0.7508710677914974,37,16,2.2454237250547338,1244,13,3,7,19,2,691
0.7545428740846823,77,7,3.061290753809223,1926,16,3,5,3,3,711
0.10312386883593261,41,13,1.0654250434240409,4178,17,3,9,16,4,472
0.9025529066795667,67,5,4.695285479835936,3176,2,19,6,12,0,500
0.5052523724478571,66,15,0.03341064611943889,6002,1,17,8,10,4,516
0.8264574661077416,68,18,3.8615050758267144,1886,0,17,6,2,2,675
0.32004960103061175,53,13,3.126023847652211,9532,9,15,2,8,1,310
0.8955232284962005,83,18,1.8677740052384095,4398,18,8,5,5,1,311
0.3892016787341631,51,2,0.2524447220620396,9497,16,17,6,10,4,734
0.01083765148029836,53,9,3.1374328589213967,3654,11,1,1,15,1,672
0.9053819764192637,23,18,1.9280675643282401,8392,0,3,2,18,4,572
0.09128667678613356,56,8,4.681335697066096,2371,11,11,3,4,2,808
0.31931363759041487,59,19,2.7099503744488294,8135,16,6,9,13,1,431
0.9500619670508049,75,12,4.698257556467541,1320,2,14,5,16,0,618
0.9506071469375561,29,6,1.1024184673665205,5654,10,6,0,2,4,467
0.5734378881232861,20,13,3.6286295518205165,6300,16,16,8,3,1,696
0.6318372121697993,35,8,3.0862451042436283,7761,2,15,4,15,2,479
0.44844552197831977,57,18,3.697041149156559,7854,7,18,6,15,2,357
0.29321077169806453,38,14,1.073339319862684,6505,19,8,8,3,0,779
0.32866454536991596,32,19,3.3249725811888684,7553,3,13,8,18,2,759
0.6725184560770384,43,13,2.490201965284345,5042,6,16,0,16,2,360
0.75237452943768,25,5,3.7141248745315814,8498,13,4,0,12,1,668
0.7915790437258485,59,3,1.6352232207590889,7636,13,1,2,0,4,420
0.7896181427945539,61,7,4.4502851273262625,8362,3,19,5,11,3,845
0.09120610304869037,31,16,0.4215065730567519,1011,15,15,1,3,2,316
0.49442030470258147,19,8,4.0359465939559405,1194,0,13,9,10,2,795
0.057558760016644284,54,0,4.306598129075454,3537,16,13,0,4,3,796
0.5495288823237355,86,19,4.086261556834106,3842,9,0,0,1,2,804
0.441530501373377,55,13,2.56363197130888,3229,15,2,4,16,1,831
0.8877041827582998,58,10,2.191924900153807,4009,15,6,3,7,1,614
0.3509150125520787,79,2,4.981311432624384,8984,7,14,0,5,3,368
0.11706701642760586,77,8,1.1458597560708106,3077,6,18,3,8,2,460
0.14299168205283586,31,13,2.734379829380223,8845,5,19,2,12,2,444
0.7615106317174722,19,8,3.3533776269116276,4867,15,1,1,10,4,684
0.6182180633162611,87,3,3.50433817930716,5873,19,18,8,15,2,568
0.10112267612279024,34,3,1.0201233286928935,9635,15,8,0,15,1,753
0.08410680611499743,45,7,3.269970461699006,1297,6,18,6,1,0,817
0.70096913145912,83,1,4.091847832406686,6856,8,4,3,9,0,649
0.07276300636419353,52,8,0.2500928841055611,2015,13,17,4,11,0,409
0.8218600592903562,22,13,4.5576064666265825,2384,10,15,9,7,0,782
0.7062422271564962,82,8,0.14752027572602966,9745,13,3,4,10,2,706
0.08134878064189976,57,15,1.7798551624419718,3350,6,11,0,9,2,350
0.08483771408519192,73,16,0.07906598116481034,2269,0,6,5,12,4,702
0.9866395785011755,53,15,0.3857258426979093,2260,12,13,8,16,2,775
0.3742707957561203,62,11,4.555841425900395,8701,19,11,1,6,0,386
0.3706421470668909,40,2,1.7743041537307391,9376,2,2,6,2,3,367
0.8127995672575026,64,10,2.1238576521252646,5563,19,4,5,19,3,341
0.9472485773838587,48,13,1.0767219069127631,7897,3,16,4,12,1,356
0.9860010638228709,28,17,2.9854788509335988,6672,10,9,3,18,1,495
0.7533781852589416,27,4,2.974016073388948,6593,1,9,3,6,2,361
0.37625958553091576,84,15,1.8610019591260962,7155,13,10,5,8,3,562
0.08350071669866876,31,19,1.6651743590269918,6543,11,16,3,18,0,411
0.7771469159274368,27,4,4.424821540902939,8240,16,4,4,12,0,477
0.558404249735805,18,2,1.9164211982110069,5683,11,12,5,7,0,325
0.4242220092469763,22,11,2.4675049607720414,2881,11,9,4,17,2,709
0.906354385094736,37,0,1.416523812124653,9713,0,8,6,1,2,830
0.11119748230615134,25,8,3.9338475167856366,4809,12,16,8,17,4,616
0.49262510429085915,60,8,1.9872407844954583,6807,13,0,9,17,0,831
0.011353644767419069,18,3,2.5680552327216226,5883,1,3,6,10,0,405
0.46866064199412627,74,2,1.266785850298307,8206,11,3,6,0,2,763
0.05630327568183735,81,16,4.938297961706259,5155,15,17,3,13,2,545
0.11881791626807192,45,1,1.4574787046186144,5673,3,8,0,15,4,380
0.11752624677710488,54,0,3.8537126545277585,2409,7,17,7,10,4,695
0.6492103021160636,64,7,2.137478251783796,6197,1,13,3,0,1,821
0.7460448792654233,54,12,1.0310870254206994,8452,9,14,0,6,3,563
0.5833687650971596,66,14,3.998593819824306,9718,8,5,4,15,0,573
0.9621725484745419,61,7,1.6680339451452157,3172,14,9,7,13,0,471
0.37487057952370406,73,11,4.325966736989056,1279,12,14,3,14,4,564
0.28571208628186073,45,11,4.576285924589115,4977,16,3,7,13,4,325
0.8685991281894603,23,13,4.2991191769563795,3669,15,17,7,10,1,768
0.22359583851945264,78,14,0.17503957403402826,8825,1,17,2,15,3,775
0.9632225394406113,37,14,3.936866725025528,4981,19,16,8,18,1,655
0.012154474689816341,19,8,2.0566973324957196,5769,19,11,2,16,3,325
0.969878826707639,54,18,4.368614600911125,6247,13,6,0,5,0,333
0.04315991195057611,37,19,3.1897713134236936,5427,2,15,1,10,1,563
0.8911431136980711,43,7,4.168215670719792,7135,11,10,5,16,4,437
0.5277011090862999,46,18,2.497158849334177,6573,7,13,9,8,1,761
0.9929647961193003,18,5,2.6751275229946643,5131,1,2,1,17,1,467
0.07379656473539886,52,19,0.7219381606683362,8189,3,18,5,16,0,380
0.5538542844013208,87,18,3.919936793446777,5535,13,17,0,11,4,706
0.969302535619099,76,3,2.096948058334858,3776,15,9,0,4,4,345
0.5230978441701488,86,6,2.500400591357913,8697,18,5,4,10,2,352
0.6293986381352625,50,3,3.925488570478538,9386,1,12,9,3,2,775
0.6957486889846172,68,11,2.9942270003971947,1662,11,9,8,3,2,315
0.45454106476777323,29,12,1.0054936372133372,9671,13,17,7,2,0,659
0.6275580800840634,37,2,2.951163295754464,9044,5,19,2,16,1,786
0.5843143119231002,70,11,2.038164289898279,5218,12,15,2,6,4,801
0.901158010490989,60,1,2.3476277102193133,6060,3,5,0,3,4,440
0.04544638034145787,67,1,0.14155637201333893,6874,17,12,2,12,1,746
0.2809631895922303,46,8,1.0501467475814081,6581,11,3,0,11,4,589
0.9504114840765587,74,0,1.4051904069051413,3014,19,13,7,0,1,508
0.8902637838909163,56,7,3.564800039294029,4789,18,0,0,18,0,774
0.45565675278571294,73,5,0.057462366490576566,8148,7,19,4,19,0,712
0.6201325978015367,60,5,2.0438863061456605,8766,6,4,8,17,0,726
0.2773811829811327,67,17,4.620134352128664,3364,15,7,6,10,1,670
0.1881211597237613,40,16,0.5594030827456192,4629,18,11,3,19,1,589
0.46369840493998216,61,11,2.582121941093055,6919,5,1,8,2,3,731
0.3533522280260528,55,5,3.9326119119542353,6675,19,11,8,16,4,567
0.5836561118508721,40,7,4.712656537600584,9872,10,4,1,11,4,450
0.07773463696498484,62,18,3.73388319766859,7638,4,4,9,9,3,554
0.9743948076661665,69,9,3.6028277432220306,5651,15,12,9,7,3,652
0.9862107444796029,67,0,4.132440450978812,1609,6,8,5,14,0,676
0.6981617140197451,25,12,2.2310061048877183,8940,4,9,3,4,3,657
0.5360963663441204,18,16,4.029222663089166,4866,10,0,7,3,1,669
0.30952761628632774,25,2,0.03982202372725563,1371,14,2,6,19,2,526
0.8137950197069487,46,7,4.622805276884025,7998,2,17,6,18,1,602
0.6847311725538793,22,13,2.2165325475858766,1615,4,11,9,3,3,688
0.1626169393448913,64,2,2.766900939328738,7911,4,2,8,14,4,676
0.9109271844938425,51,15,1.2744112445744116,7010,8,8,4,16,1,417
0.822537242923169,82,12,3.712654164202107,3253,14,1,5,11,4,304
0.949799913291924,72,19,0.38317903237624407,5942,2,2,0,2,1,743
0.72571950838836,60,16,4.363179012734176,1864,5,13,5,9,4,651
0.6134151959357899,47,12,4.140584145031713,2268,16,3,1,14,1,832
0.4182430362906189,34,5,1.080300581223832,8454,7,18,5,9,4,423
0.9327284833540133,43,16,4.046621991426312,9976,10,12,8,17,2,576
0.8660638895004084,25,13,3.9317886653074074,5571,5,6,7,0,0,693
0.04521867010618941,64,16,3.161082988769745,6229,7,11,8,2,1,659
0.026366974497252005,89,7,1.8676008844984375,3237,9,2,9,11,2,768
0.3764633668780496,63,10,1.3574937709093393,5054,2,8,7,0,0,356
0.8105533307818329,85,19,1.15891795144675,1935,13,1,2,2,1,550
0.9872761293149445,50,0,1.593044813818036,7394,13,8,7,2,2,449
0.15041689110352818,18,6,4.5177922171626514,8891,9,11,5,4,2,751
0.5941307153521351,36,16,0.38820387994390637,1325,11,11,5,18,2,461
0.3808908566310215,48,9,4.144356381264793,8774,5,14,5,0,3,419
0.9699143978146032,31,10,1.7444503752091178,4861,11,1,2,3,4,650
0.8421189231357087,70,8,2.607996980056791,2985,13,17,9,3,0,398
0.8383287047111379,65,8,3.9724281682424536,5932,1,12,0,16,4,466
0.4686931597949703,86,4,4.421882735114856,5603,8,13,3,13,4,813
0.4148195023376652,79,16,1.7239071003632351,3778,9,4,9,17,4,700
0.27340707193070624,83,8,2.3092174063755517,9832,16,9,5,0,2,664
0.056375496650927115,81,16,2.0725803240839613,8754,16,11,9,15,4,625
0.8647223762550532,87,18,0.06625516751955274,5078,2,9,1,2,3,546
0.8129010091300776,80,6,1.479714444293283,2367,18,10,6,8,1,733
0.9997176732861306,50,8,2.295946168662809,5042,0,1,6,3,2,392
0.9966368370739054,58,6,2.0554680444021987,3575,11,4,3,4,0,567
0.5554317056026274,65,12,3.6096461375783973,7754,6,6,3,10,1,620
0.7689874151805105,30,10,1.9240180861055163,2581,3,5,0,8,1,361
0.944765729882428,48,13,2.4468822448533514,2986,9,2,1,2,1,599
0.8496473906774115,85,18,2.148042960661817,3240,12,12,8,5,4,702
0.24734810174319766,21,10,3.7031307444718524,4966,1,2,9,10,4,602
0.4505441353100935,36,12,4.314861994934812,8604,9,5,7,8,2,552
0.12915941515149498,87,13,2.6594453950375705,9320,3,10,7,14,4,777
0.9540510272587224,30,12,3.947160970975956,6968,17,16,8,2,4,668
0.60617463445088,40,0,1.483933410099253,8493,4,9,6,0,4,459
0.22864280550346272,18,7,2.7068480507863435,5103,18,11,8,19,2,465
0.6717006844058567,71,11,1.7261497683498623,3076,1,16,9,18,2,504
0.6181282404578958,88,18,2.0710046278591516,6231,11,3,1,13,3,566
0.3581627180328405,32,11,3.662069324063343,3994,16,1,5,16,3,437
0.11355759219962902,82,7,4.408312411663563,4744,9,10,2,13,3,667
0.6715731955927996,88,7,0.6074769554388271,6594,1,6,5,16,3,742
0.5203077009037933,32,12,3.1731962824369027,8531,5,1,2,13,1,316
0.7723183917356393,38,11,2.9107190378889927,8371,7,17,7,11,1,367
0.5201635011119934,36,15,0.5920751958796594,2644,18,3,3,15,3,432
0.8521815003185401,77,0,1.0594716522005454,4144,10,7,9,0,3,729
0.5519068387744855,50,12,1.5550124736634015,1242,11,19,5,12,0,607
0.5609379715353863,66,6,0.8346553540875074,5085,8,13,8,5,1,473
0.876653602658345,52,4,1.218647412621709,8954,1,11,1,16,0,711
0.40348286621239704,61,7,1.3380039943085376,8269,7,17,1,11,0,396
0.13401522845064073,28,13,1.678369165195298,8130,10,10,6,18,4,453
0.028782676313338973,89,12,3.7469522640057953,7828,3,7,1,5,2,541
0.755137255673619,83,14,2.8595610192530034,9362,9,1,1,6,1,603
0.6203095513534647,63,16,4.931233359757007,9844,19,14,3,0,3,584
0.7040797680992236,26,14,2.073679134837355,7331,15,8,8,0,3,326
0.21296416150891073,20,19,3.7693253691846254,4512,7,18,7,4,2,701
0.13637147558676976,43,17,4.357342106882669,2499,3,19,1,5,1,659
0.014544665667881929,89,17,3.3948924651902095,3158,9,7,7,15,3,359
0.350587558806597,65,1,2.0593237020874797,6162,11,18,3,15,3,501
0.5899176868546331,83,3,3.767973153728765,5039,13,4,1,13,4,669
0.3922440450997323,87,0,1.0183356888634243,3035,15,10,9,0,0,832
0.43747492202372906,45,3,1.6377608259006622,8977,17,14,6,12,3,451
0.9041586944937484,43,17,2.733426275496444,1857,11,7,5,19,1,401
0.34825546702330035,42,4,2.877046936430742,4823,17,18,9,9,2,745
0.5139894891598108,29,18,0.11070737736314729,7770,6,7,4,9,4,528
0.7836530127411431,22,14,4.725570943780044,1298,19,18,0,8,1,424
0.39654278232127016,65,7,3.48313635608695,8244,6,17,1,12,4,535
0.6220867002278735,54,19,2.4785187511594553,1923,8,9,7,2,0,461
0.8623637087467452,61,16,4.665636172041542,5232,0,6,0,17,3,652
0.9495206236576421,32,0,2.1954778262541423,5306,5,8,2,19,1,367
0.14707348092903794,60,11,4.902177851351858,3799,5,0,1,1,2,472
0.9265876251614944,65,18,2.5614237862174254,7578,11,18,4,16,0,560
0.4921162930795382,87,14,0.5714288499898973,5875,11,4,3,18,0,516
0.25824438829895835,63,8,3.8240048622963863,6326,9,18,6,12,4,423
0.4591357562382613,60,6,3.3944886253892026,7582,5,0,4,12,0,461
0.980032575285477,38,1,3.864933606527934,2802,16,14,7,0,1,500
0.4926180939928696,40,8,4.757210143628406,3657,18,15,3,1,4,753
0.3287516102875082,64,9,3.8824465132550907,4346,17,6,5,0,0,701
0.6334008543167258,32,1,3.0566830110832344,3949,5,11,3,4,2,761
0.24014561877819307,42,18,4.2865445118042045,1941,18,7,1,2,1,574
0.07586332810866392,53,10,3.366232196772658,2907,9,4,0,6,2,505
0.12887972191064923,68,12,2.0405952841296155,5837,7,9,0,12,2,339
0.12804583895777244,32,9,4.4280988212088666,9105,5,4,7,17,4,572
0.15190269351229435,85,13,1.1095023039218643,2243,6,16,3,6,3,392
0.13882717264941014,38,17,3.573206374543621,6696,0,4,4,0,4,341
0.6408747448032146,30,18,4.407817274703785,2466,17,14,7,4,1,764
0.18188008439914483,36,8,3.656582598516481,4957,19,12,6,16,1,678
0.3456672833238632,51,6,3.4863770952692845,2966,11,0,7,7,4,406
0.8967884099060118,85,2,3.76319147035918,1375,15,10,7,14,3,627
0.47396164026287235,69,19,2.325276241503222,1262,9,0,5,19,4,364
0.6675577385210272,44,5,4.37085341078513,5362,9,10,9,3,1,664
0.17231987120162984,46,1,1.017182375680456,7502,13,17,1,1,3,783
0.19228901880867078,45,5,0.6369320800016964,8833,19,17,5,4,1,323
0.04086861626647886,52,2,1.4275439005925579,2893,9,15,0,0,3,839
0.16893506307216455,25,15,2.657886983874966,9106,9,12,0,4,3,361
0.2785903390319586,33,7,2.5528089770466904,2652,10,6,2,5,4,790
0.17701048427674682,53,1,4.102993788382933,6540,1,0,2,1,4,572
0.08870253375705561,47,16,2.0228432820200872,4892,19,15,4,0,4,528
0.12063587110060081,35,8,2.4217221314575434,1599,7,0,0,3,3,319
0.46077876803272577,19,11,0.06683841629697818,5815,6,16,9,6,3,302
0.2063337184057925,66,2,2.0486961822146954,2912,7,5,5,0,1,720
0.36426986104807546,21,10,3.2388711647517106,9792,0,1,6,0,2,606
0.5034172708548569,24,0,0.07754165313296091,9572,1,16,9,7,4,731
0.6903948286293653,56,12,1.4044098259312188,5213,17,5,2,19,1,435
0.039312139841098936,30,14,1.0397817964469498,4637,14,13,3,15,1,814
0.7994103989090426,48,4,0.20992714454794115,6599,0,17,9,12,0,492
0.6279003894909078,88,16,2.3963004495726876,7448,4,5,9,17,4,714
0.08175903194887191,80,5,0.9086164661407825,9557,1,9,9,19,1,417
0.8735786241067772,73,10,3.7154076981569006,8382,19,17,9,9,0,508
0.9208724005318132,59,17,4.2396394188167426,9982,2,8,9,11,4,333
0.06107795985486375,78,3,2.727925913345739,4569,18,7,2,0,3,617
0.2768776481472037,59,2,4.908536712605708,8707,17,9,0,9,0,419
0.8062012797930613,73,12,2.2523928573529766,1746,17,16,7,8,3,824
0.7482596903836584,53,8,2.5668410511245776,9504,13,5,9,2,2,388
0.18452101935637732,85,5,4.946088769788751,5633,7,13,9,18,2,811
0.2093493233367103,24,11,1.157742179825244,1920,11,5,1,8,2,346
0.370472102791382,71,1,4.712729698384527,8008,9,6,0,9,2,821
0.4845229851910213,18,2,0.21418777559556623,3381,19,11,7,18,1,583
0.618254771530296,61,2,2.231934451315974,4618,16,2,6,15,2,676
0.3689136395697724,62,11,0.35001756066532885,9989,10,13,6,17,1,433
0.4625347161331479,64,14,3.646173714568215,5443,1,18,3,13,1,547
0.7474709381337565,30,8,3.042044679400089,1272,3,15,8,2,4,617
0.0366832028905979,39,7,3.533171317337982,2773,0,6,5,1,1,735
0.25243694434402075,38,10,1.872401999840085,3547,14,7,1,0,1,475
0.7133495858845524,26,15,1.8474096701569014,4164,12,17,0,17,2,650
0.8952068376871993,43,3,0.22659639480447302,5780,7,12,0,8,1,442
0.5116774421156661,26,0,1.7497246976481988,1946,3,8,8,12,3,697
0.5321134852653157,32,6,4.646442011310297,1506,9,9,3,1,2,668
0.10717201133977605,27,1,1.896132685902245,7719,18,8,4,6,0,800
0.44741236682345464,59,4,4.15683853110985,9435,17,14,2,15,2,669
0.5326172664550232,89,6,4.21162752374967,9697,4,19,3,18,1,681
0.24247050363472966,41,3,1.866205781896169,7360,18,1,7,14,3,385
0.26924323094938096,66,4,3.159943401980945,8657,15,12,3,10,2,759
0.37728416310462265,43,0,0.47685801136529316,4590,0,1,8,0,3,624
0.02007119777772637,54,0,0.5183929036713825,2192,11,18,8,6,0,821
0.3220791655831783,85,14,0.24328831830856656,2464,1,1,5,19,0,788
0.21144800699654465,67,19,2.905075466875547,1390,7,2,1,7,4,696
0.32749735217791465,41,18,2.1303548881304852,6615,17,5,9,9,4,654
0.11976213181925122,36,9,2.7401617833212004,7106,15,2,6,4,2,587
0.890527280739895,77,17,2.6053659525419395,9864,4,9,8,8,4,758
0.5935924535540487,56,2,1.7510149554536514,3560,12,5,5,0,3,835
0.6791023191444896,35,10,3.3873670741173645,6867,18,15,2,1,4,590
0.7891712386073383,36,14,3.7925094045819536,2211,2,16,6,18,3,467
0.4984421989290573,53,10,0.07314129438837857,2539,7,18,4,13,4,727
0.08692028808742369,72,16,1.0362114988443916,1643,11,2,0,19,4,789
0.5371065418185478,86,16,3.566179340416684,9693,1,17,2,9,4,654
0.5868411180208791,64,5,1.9331008631691708,9921,10,6,4,8,1,495
0.74543947418433,66,4,3.312419734708041,2283,11,8,6,9,1,844
0.4316595462296794,50,7,1.7348132986727922,8680,17,19,2,5,4,310
0.12758030279556376,38,1,1.9537757616481854,8345,12,11,5,16,3,555
0.28377590579872447,39,15,0.7933943684484246,5386,4,4,4,5,2,695
0.3630822963986351,65,19,1.2911550983308002,1919,11,2,0,3,0,708
0.6459172413316012,54,11,3.0270587875379364,3339,1,10,9,19,1,661
0.5707783046689119,32,5,2.165815556575832,9947,4,3,5,2,4,558
0.35609672589784624,52,0,3.8715134147229757,6930,6,4,7,18,0,302
0.9865152487929797,88,3,4.262924774691713,6402,11,0,0,17,1,383
0.6057748193568872,49,16,2.7082320910837994,6663,15,17,1,3,2,455
0.23722679173599448,28,12,3.791336460280296,6275,7,11,3,7,3,475
0.10178247262040374,27,17,1.53452256597285,1507,8,12,1,16,4,771
0.15285913918433203,74,4,2.074856077000391,2436,14,8,8,4,2,723
0.24595772838450813,42,2,3.563888381084155,9750,4,1,9,12,1,433
0.16068137325955567,19,10,1.9310599640851533,8354,12,4,7,0,4,679
0.18656702405130576,81,12,2.942524675794944,5516,4,12,7,12,0,576
0.2850951686938471,52,3,0.9268638954125574,4622,10,15,3,3,3,535
0.17337359529475482,24,13,2.99885657485249,5399,9,15,4,13,1,312
0.8967654246264252,35,10,4.307568536134468,6037,19,2,3,2,3,641
0.08023374566164221,84,9,4.343198199117128,9111,12,3,8,4,4,334
0.5245113895702547,59,18,3.6217220316476983,4715,8,10,1,6,2,513
0.4103968269896615,56,17,3.7287668953806303,8837,13,13,7,0,3,711
0.9823786169086064,58,5,2.7896372257535034,2301,17,2,1,11,0,704
0.11203890216805235,41,14,2.923340450829124,8370,14,15,0,10,1,793
0.39785559904574164,77,9,0.66825290705259,6185,9,14,9,7,0,458
0.9694704332753689,63,4,2.2192959421065055,3155,6,9,2,5,3,409
0.8655071258939803,36,4,2.253881419431819,7411,7,8,8,1,2,848
0.8170720709492799,85,9,4.792489178338701,7365,2,10,2,18,2,825
0.25790282704493983,59,4,2.155434313116447,1692,14,15,8,19,0,646
0.17088758739006582,49,2,2.746713224513788,2478,15,9,6,19,4,578
0.668643219924431,56,5,2.6662569963955125,7396,3,16,9,13,4,778
0.9293759891275858,53,3,3.1838085852216356,9448,5,18,0,0,2,410
0.5567628930139298,53,17,3.7411641566594795,1441,0,1,9,9,0,730
0.5716126894698998,20,8,1.1252093808543606,3646,3,1,4,15,0,841
0.2799790936602842,25,16,2.6436220954921783,6209,10,5,8,3,0,414
0.7694929331919369,87,12,4.129588536580152,7533,11,18,2,10,3,389
0.18704374855752337,58,14,2.315573569187557,5677,4,7,8,15,4,511
0.3236792364042437,85,19,1.392287731867865,8211,15,2,4,19,4,849
0.4254364386164168,30,16,3.2735453767814953,3645,12,13,8,0,3,838
0.507610378684455,66,12,4.118836978995615,9210,12,15,9,15,1,659
0.24240973241508024,77,15,0.3157014646369566,8933,16,0,5,18,3,785
0.11483682473920354,19,3,3.8839524170361357,6476,6,2,8,8,0,671
0.6106200424416326,77,4,4.108239664808856,8928,7,17,6,8,3,514
0.28863055324025577,22,4,2.307614637943034,3080,12,8,6,8,0,314
0.5812382214226123,61,8,4.916528284092337,7089,15,5,7,16,2,558
0.1543627152742023,44,16,3.9335417035365454,8396,3,0,6,11,0,762
0.4811401018548175,49,12,3.8683128244783287,8797,7,9,8,12,4,419
0.5325894325515859,38,1,3.739192872060359,1861,15,5,8,7,3,427
0.05182353682242691,25,12,0.75304051609137,9346,9,11,5,15,0,822
0.3366042781939206,89,18,1.086154432265054,4494,11,3,6,17,1,624
0.13441467693897424,67,2,2.319950657322125,1904,11,12,1,0,2,619
0.06337497047276774,84,9,1.3200217497973292,2269,4,16,8,0,1,805
0.9899602323899452,61,1,2.0762048616702025,1404,15,7,0,11,1,825
0.32235384497472297,75,12,4.442320549614603,2184,0,19,0,5,1,349
0.8098744458546349,20,18,4.121634459396346,9938,8,2,2,8,2,368
0.25464065476376385,87,16,3.150199392399911,2725,11,11,5,4,2,690
0.6815027222239293,19,13,4.2906019712555175,9462,4,6,4,15,2,682
0.7602278598896866,61,11,3.9188619450862463,6811,19,11,1,17,2,315
0.5956387406078443,19,11,2.1449246592044524,6606,2,1,8,16,1,738
0.47157618855015837,52,10,1.0053257602497256,4956,4,13,9,17,4,431
0.41184091414726853,47,6,2.571005200046696,1171,1,4,3,0,4,547
0.3488682665429953,25,3,3.681144412642751,9465,13,8,3,18,2,572
0.9295291442478258,39,18,2.182097993647965,3306,1,10,4,7,3,648
0.8306194077877291,61,0,3.333859548919486,1421,12,4,7,2,0,783
0.9650269106665126,75,2,0.47163713145521813,6540,6,2,9,4,3,849
0.12429722348554473,53,12,3.740023681857017,5675,9,16,3,7,3,656
0.7308674752036443,86,14,4.06356809946531,7748,12,1,4,18,3,617
0.9383404568210378,48,1,3.534189278902706,7103,15,0,3,17,4,347
0.18123306616566015,64,10,4.8363179376318275,2473,13,6,5,17,0,309
0.0664962673667775,72,3,4.133260287303202,4243,10,13,2,0,3,532
0.741120649290059,79,18,4.515468639382691,3181,9,4,7,14,2,335
0.5744731131799119,47,16,4.667855417288241,4096,5,18,5,17,4,712
0.8418287767582721,72,2,4.0067399593690425,7646,3,10,9,6,2,761
0.1397723766262895,33,17,3.3712942100324956,6882,0,1,4,15,2,303
0.7952673118598902,29,7,0.02859290680394644,6982,6,7,1,15,3,343
0.20162732004774453,34,18,2.3291287661156233,6798,8,8,9,14,2,554
0.1636559428657045,33,4,2.855811493111805,9415,7,2,9,5,0,413
0.16426579793099294,29,6,1.5201513622399982,9411,4,1,6,8,2,696
0.8145747202313821,25,7,1.5905222345173602,9456,18,6,1,6,3,473
0.6651972206962001,20,4,4.8057970785508255,5524,9,4,0,13,2,554
0.5230654247691193,33,16,4.458554326013729,7559,10,4,6,10,4,765
0.3588304841235025,47,4,4.245895027508521,8620,14,19,4,15,4,576
0.8772005408131083,40,3,2.030059008530553,3774,5,12,0,5,4,763
0.3924451074226354,22,18,0.06849275204457272,6673,14,19,3,15,1,801
0.8165994394715771,82,1,0.4011112322785704,4124,4,5,3,19,4,740
0.4391349085702184,47,10,1.5609818410880183,9671,18,19,9,15,4,368
0.3769444294249076,38,12,0.07871456497838492,2353,18,17,6,11,1,808
0.46267978566960644,87,14,0.08574890957599057,4854,9,1,8,16,4,625
0.3013778741641421,39,11,4.583016508212055,9134,11,5,1,4,3,366
0.7476093801762511,89,10,3.5307925105952704,1924,3,8,0,12,4,603
0.5027203900924792,49,6,1.5447799503407633,3170,17,2,1,7,4,783
0.2322126951468173,50,4,0.6632228880047658,6506,15,0,6,4,1,847
0.8995745732745685,33,16,2.5581785894753857,3395,7,0,9,11,3,716
0.3838912213732114,55,19,0.026730804271822284,9220,3,18,5,8,2,458
0.5435528611139886,31,8,4.69206871929072,9226,11,4,3,2,0,448
0.9064721109645469,53,13,2.074075596944736,6515,1,12,0,2,3,326
0.6242379959139921,40,11,2.0116747761866636,3670,3,18,0,0,2,547
0.11689804070836407,83,5,1.952968037908911,4365,4,11,4,17,3,400
0.9398321236134751,19,16,0.3466416519388238,1588,2,15,0,11,2,395
0.6277080530714179,82,18,3.1916111989591327,4138,8,18,6,8,2,683
0.3349056146570861,84,18,3.6650180981417666,7663,17,2,0,8,3,581
0.13927207266338726,69,15,3.3806269879414512,5086,10,11,0,17,1,621
0.794025189270296,79,11,0.6921774666469716,9531,2,4,1,17,3,695
0.6200727559285135,40,11,2.894200840177963,5270,1,1,9,6,3,577
0.5334610919763215,43,19,2.8474224208612693,7019,8,6,2,3,2,828
0.8938925830509576,85,5,4.3420539397069104,1556,13,12,0,12,0,562
0.7885972112245307,72,3,1.8956382918782348,9022,3,14,8,16,2,592
0.15167487973275118,23,5,1.857429718297171,6452,8,2,9,1,4,593
0.31172206779554823,52,10,3.092635293590928,4567,12,19,7,13,3,694
0.24848913981446574,39,0,3.165363267497565,4899,17,4,4,2,3,812
0.743946292572677,60,14,2.346426136628952,7477,14,7,1,4,1,479
0.03353243473577938,32,10,2.2152968116521055,8500,9,0,4,13,2,534
0.5698896848713165,77,18,2.4707383531894136,2016,15,7,5,2,1,636
0.7624586857406905,29,17,4.30522649751656,7470,11,17,0,6,3,307
0.8767656367617495,66,16,2.30583450626955,3062,19,19,3,17,2,742
0.34208174871590746,59,18,4.6996589598491125,5321,4,15,8,12,2,838
0.8212573046720129,55,13,2.5200188179816303,4496,1,17,1,9,4,390
0.11063173695520723,62,17,4.746003465904457,2813,9,19,4,12,4,571
0.8464522917345182,52,18,4.164159509345379,7256,0,11,0,15,0,304
0.12748866233198242,47,14,1.8121566130791456,3313,6,12,3,8,4,518
0.39728729056036727,47,14,4.31820710648308,2231,16,12,3,1,2,417
0.7972953657795536,23,3,0.5503164210055761,6831,15,9,5,4,4,414
0.14991742734877378,84,6,4.625235876715072,3999,2,6,9,16,0,562
0.22925139523264149,24,12,3.158217575414458,4440,13,13,8,3,3,605
0.7222525683930663,69,2,0.2719537426115559,5056,9,15,2,16,4,721
0.7200365365460744,31,15,3.221283618254058,1305,6,14,8,8,2,506
0.6411476328852973,32,8,4.87123827072378,2689,16,11,5,19,3,602
0.6939484444671,38,7,0.3490032730731446,4917,5,8,6,1,2,411
0.5427244433475962,52,19,2.7734385489004314,8080,3,7,9,17,3,716
0.25179905890695276,83,12,3.738971748796862,9611,16,17,1,10,2,584
0.34569599350391944,19,16,4.051292933497656,3936,8,17,9,12,4,484
0.18159771680142567,52,16,2.069137326603979,4862,3,12,5,7,4,520
0.9084505613336283,37,16,1.0208327958412151,6649,6,17,5,0,0,743
0.5833917947661205,27,0,0.21171139386191917,4261,1,14,1,16,3,416
0.4008514167636399,42,7,2.898630785486124,2819,16,3,1,11,0,369
0.4620058036441327,83,18,2.264555351338054,2342,7,16,1,3,1,369
0.9472833396118153,42,5,4.743721975748555,6560,14,4,9,12,4,726
0.1533514031160802,71,2,0.3030245385745489,3226,14,15,0,8,3,742
0.5862298320167972,50,4,3.4269767172300285,2079,7,8,4,6,0,436
0.505888678884466,53,12,0.12483111060028584,5206,15,9,7,4,0,803
0.6114542354346478,31,14,0.8571708835527136,7280,18,17,1,4,1,430
0.01811018382084051,82,13,2.2678949996141706,8235,10,16,4,16,0,517
0.8721239089441515,71,15,2.274362214014341,1813,1,17,7,8,2,470
0.9321182824836124,69,17,3.4285027146682197,6089,16,6,9,5,4,774
0.5651331835892089,20,10,4.551065174338783,3031,15,3,4,18,0,428
0.6966508238768923,58,2,3.195160794574604,9514,14,4,1,15,0,356
0.9224993811772957,23,9,4.767675489257544,6911,12,15,2,1,1,480
0.7072386343133986,42,9,4.408078199389988,3653,14,2,5,9,2,545
0.15253904291426135,30,15,2.922498977653951,4340,3,17,4,15,0,443
0.5762883601668132,25,11,4.168959754594137,8876,15,13,3,4,4,350
0.6067150463828559,38,1,3.21288805161817,2141,11,14,3,14,4,667
0.424130671302386,85,8,0.3927891546186357,9558,3,16,4,12,0,758
0.7364442356247228,42,2,3.70282361629755,3897,2,0,1,12,2,517
0.9343670147690148,85,14,0.47454220633673105,5041,16,16,8,12,4,556
0.9255685129067763,62,2,2.970413902848562,3038,17,10,1,14,4,455
0.4508393714041321,77,18,3.513201029291144,5270,17,16,9,13,2,741
0.11323804584075525,29,17,0.3326380410542762,5683,16,13,1,7,2,324
0.9848411989623346,49,7,1.1539732696326588,1494,11,19,9,10,0,835
0.8388980864459341,30,16,4.5783611613082495,8116,3,18,8,17,3,359
0.12466268120326685,48,7,3.0815724611644817,2784,11,6,2,3,1,766
0.9208418826173723,37,6,1.231430094052658,4510,19,12,9,9,3,733
0.8698963620621283,35,6,3.453398855740033,4786,14,17,6,0,3,365
0.5188380571260721,77,2,2.983882099808448,6266,15,13,3,4,4,405
0.5912754357449292,80,0,2.507878499589742,6428,4,0,5,12,2,395
0.39900270387013026,23,3,4.880934874940419,7681,14,6,3,0,4,467
0.05476163882203133,49,4,3.4172688870375447,7893,16,7,9,7,1,341
0.3351972416459009,60,0,1.8772055483395633,5658,17,17,6,2,0,403
0.8028534485980114,19,14,4.00036716038434,8082,4,8,0,2,1,503
0.004632023004602859,77,4,4.4229164646059385,7869,12,0,2,6,4,819
0.3334991716911442,40,12,0.6261027975841571,8607,18,16,2,3,4,581
0.3981686935909433,48,7,1.0027648892263326,8669,12,18,0,2,4,342
0.5373956029379229,22,7,1.0811350456388986,7219,17,5,5,14,4,409
0.9198556164127605,51,4,3.456059046932702,5534,13,2,8,7,3,509
0.34634599436596125,27,8,3.0151977752664165,6979,3,4,7,2,0,348
0.3469532018962277,19,0,3.094957823492941,9890,3,1,6,6,3,414
0.7375012481097484,28,3,4.703866498447505,2312,19,19,9,17,4,454
0.45221794088980716,67,2,3.87955766403653,3962,19,3,7,10,2,802
0.22460482293998196,48,1,0.6396846225589159,3938,18,9,5,10,3,370
0.4524395161326934,73,7,1.7375354121259052,4197,12,9,8,16,4,818
0.14085702037979986,26,8,2.176968230878678,6296,11,10,2,5,4,635
0.1763869865062233,38,1,1.9798079437380245,8204,6,15,9,7,0,366
0.49836777273947974,45,13,3.346543045809396,6730,11,16,9,0,1,792
0.4189254495045479,79,13,4.459465516282813,1126,3,15,8,9,3,512
0.9148459010681,24,3,1.53025731761394,6602,1,6,3,18,3,480
0.3623938991166331,33,5,2.759385682105928,2191,1,15,6,2,3,547
0.5805883502780435,21,10,3.9470471095679285,3639,4,2,8,3,4,513
0.6322642879195304,21,2,2.0810902942267466,2366,9,15,1,10,0,658
0.013094456588333636,57,7,0.8405906419964793,7453,9,7,1,14,4,548
0.6635373720167106,34,2,2.3747548263187412,7671,8,11,8,0,4,815
0.17803596686975143,69,13,0.27611260371514235,7683,12,2,2,8,2,387
0.9610703174694551,69,12,4.7119172700113845,5539,6,16,8,10,0,475
0.14866272775311296,53,12,0.3741060259748652,9876,4,17,4,18,3,725
0.41462412372702373,55,1,2.192283576252891,3887,9,10,5,12,1,380
0.08534966807864386,67,12,2.649406305442631,5086,9,3,1,15,3,437
0.9968742518459474,80,18,4.926519161436428,3261,5,15,7,3,4,732
0.5021950103312426,80,5,0.8301091182143039,5180,18,16,8,0,0,769
0.5953850173200438,79,15,0.5721575930617928,3841,7,8,1,19,0,649
0.06707647738842748,24,1,0.043530735312717894,7040,0,5,5,12,0,425
0.7499604703991778,44,7,0.7778571843465115,4560,16,19,5,0,2,608
0.20990559309558576,31,16,1.036364895338338,5758,6,1,7,4,3,529
0.8980542894407137,88,1,3.1529047079154617,1626,13,8,9,4,2,759
0.20513964048200717,22,9,1.0985339519570019,6014,16,5,4,13,1,644
0.19068772066366657,72,15,0.10260407364662605,2375,8,2,8,13,4,609
0.03654966784809488,19,5,4.1330917275124435,2181,16,19,0,7,2,319
0.47206694510999925,79,1,1.8279785050198338,6708,4,5,8,3,2,840
0.5648411332626164,38,1,1.7684834329036696,1490,19,6,9,6,4,776
0.06570863942835237,38,12,1.512395145839633,4729,7,0,6,19,0,568
0.7755276166950106,27,14,4.876866385732105,6974,5,0,3,18,4,302
0.4532888347480276,75,1,0.8505770865464074,4534,10,4,2,14,3,315
0.52439026932758,56,6,4.491190319766176,4296,18,5,9,3,4,657
0.44076274693822814,22,2,3.88401666069944,2940,3,12,5,18,0,432
0.400763060875326,82,7,0.3823997774965654,6014,17,1,0,8,4,611
0.5596403313082179,30,13,4.933645507504243,2882,0,14,2,12,2,781
0.1552402459307125,70,6,1.3568298176950528,5908,12,14,1,13,1,843
0.18192813049527112,62,6,0.4929146351120617,3987,13,12,8,13,2,604
0.8617856210135173,49,0,4.146571170628797,6585,0,13,2,9,1,568
0.9461154621336327,53,16,3.5333776683884994,4159,10,6,1,15,4,713
0.37330931627975295,77,8,3.086094029389504,5530,16,13,3,4,3,324
0.27074467314355377,28,12,0.7799043184946658,1681,3,9,1,5,4,615
0.6439995432390158,80,18,2.3924805812798096,6254,11,16,0,1,0,575
0.4087341710980964,38,18,3.9027801344360693,2073,9,13,5,12,4,688
0.02538635566034486,69,16,1.5181196907192014,3387,5,7,9,12,1,743
0.15615259736619036,72,9,1.5584491425752072,3693,0,3,7,18,2,726
0.7159722288473975,43,9,0.01570453024061058,5340,6,15,9,17,3,356
0.6589239419101514,85,3,0.8712170082268977,3156,15,12,9,18,4,667
0.02709599250348349,51,7,4.377028125609171,8966,13,19,1,0,4,641
0.22197216193294944,69,19,2.2087324581885355,3580,19,17,8,7,2,603
0.2310747965880714,69,19,4.9211724961721695,8257,19,13,2,15,3,673
0.6718927435987284,46,17,1.9785398178689628,3159,5,17,7,1,4,411
0.019710537754364155,55,13,3.575932273901206,7772,4,4,7,7,4,305
0.10410858198457384,59,17,1.4095952145236457,2627,17,8,2,5,1,578
0.7999160853731894,38,13,1.8190482057046675,9219,14,2,2,15,1,681
0.1785446620543336,59,19,0.9536299379544733,8080,5,7,5,10,0,312
0.6527461078518747,30,14,1.735311842496975,2985,18,19,0,16,2,602
0.23818278104672652,81,3,2.7361876021032154,9488,0,9,3,18,3,459
0.09944139275934516,34,12,4.958864404896247,3181,0,18,0,10,4,453
0.24317219099945409,26,7,3.3210085653589285,3296,12,2,2,7,4,480
0.7222669318556592,58,17,0.9962297720415703,8164,2,10,8,3,0,825
0.8556964681062857,18,11,0.22480720795775566,3597,9,10,4,10,4,479
0.8302198645669916,19,13,0.631782406572553,1901,2,16,4,7,2,676
0.3971835296184548,77,1,2.8127760063652367,7060,8,15,3,8,0,467
0.6680851365706462,65,17,3.825801644083832,2677,7,6,2,1,2,513
0.20498429541582097,46,1,4.702096036503734,3881,2,3,4,15,0,449
0.29314773026101326,27,10,0.07911585998410409,6622,12,18,3,5,4,315
0.8963358185211198,75,8,2.613800707809349,9052,5,11,7,18,0,390
0.013001923510736035,77,11,2.354336781115884,2378,12,14,3,7,1,419
0.08550853085446808,38,16,3.28027510987852,2248,19,10,7,13,3,552
0.20788625514602732,45,14,2.79789427232671,6650,19,4,5,15,4,359
0.026532203873819715,51,16,3.435195752912403,7079,11,4,4,11,3,565
0.18143543508979731,25,17,3.2904129237459516,8036,12,14,3,4,4,708
0.5830415609696922,76,5,0.585058624289731,7487,1,17,3,18,3,330
0.42142455059249795,89,16,3.998589568093598,2058,15,10,3,17,1,320
0.8926717110769748,66,17,0.6161628785816242,3048,5,11,8,8,3,588
0.8174435617384409,34,7,3.4926531260456857,7115,18,1,3,1,0,842
0.34181735169787597,77,8,2.0807268382030335,5248,12,19,8,19,3,797
0.2594234334312925,62,5,2.5692536728829896,3476,16,14,9,11,4,773
0.3796924081672669,86,4,4.516490071878553,5603,8,19,5,1,2,704
0.5902949425148077,49,11,4.449418632367433,4553,16,3,9,9,3,847
0.26806364082287626,61,10,4.089281528275148,1220,1,17,6,0,3,431
0.624148907849134,82,0,2.5507419022816165,5818,18,5,9,3,3,623
0.4094116521912404,25,10,3.6811990506691656,8192,18,18,2,11,4,431
0.5520471808519802,89,18,2.5644852775940468,5623,6,10,7,8,3,820
0.4361265291353167,60,8,4.3480304123738875,8349,9,1,2,3,4,329
0.29446575954191767,18,1,2.0138791661644992,6618,9,7,0,8,4,600
0.9484533069621567,68,11,4.851176722074384,8209,19,10,9,5,2,303
0.7636057941597608,41,3,4.661613791144388,5576,8,4,4,0,0,624
0.14011317576645255,41,3,3.7080130972589274,2871,16,17,1,9,4,808
0.8684679758979128,34,17,1.39707942088036,8915,14,17,9,13,1,536
0.48743119824951364,22,14,0.658267943966292,2462,1,13,5,17,3,834
0.8945522268940914,37,18,4.2735172504659875,6521,3,9,9,5,1,315
0.7998552559473152,38,12,0.8265114306898064,9536,18,2,8,17,3,833
0.42521350446923345,75,18,4.271303944986679,9236,16,8,0,19,2,745
0.022469308320117398,48,16,2.4538250335618024,8813,4,2,3,15,4,802
0.2686773593849461,28,5,2.0327839190405212,3068,6,10,0,14,0,529
0.5416342146608669,69,15,4.515953894172146,6753,17,11,0,15,4,406
0.6334782198261473,32,11,3.0192549127013897,8237,6,11,7,7,3,688
0.2578876854332023,24,18,2.883070035648589,8016,16,2,1,12,0,562
0.13935607407282413,45,4,2.793829723121988,7191,6,6,0,10,4,364
0.8349302367992991,68,16,1.855847580097657,2514,3,13,7,6,0,564
0.9844021807035521,75,0,3.9282155176456364,3598,7,10,3,16,3,637
0.5256901823026858,22,9,1.263992220078865,2001,12,6,2,17,2,600
0.1716792858483035,22,14,4.694474800206375,2033,3,9,3,18,2,677
0.27230732651936895,25,10,4.469926025234804,7899,5,10,4,12,4,474
0.018390676547466733,81,12,1.6874016283744908,9465,4,14,0,14,1,451
0.914298806560499,27,4,3.6473188491583186,6051,11,18,0,0,3,775
0.11775108289014113,55,0,2.8661159722479574,5476,3,15,2,15,4,565
0.5765164755142536,25,11,1.688246509996173,1478,8,19,5,4,4,628
0.274055220687206,42,10,4.9426082399772335,1515,3,11,0,2,2,462
0.5541780025157934,83,16,0.12618672924132102,2191,18,17,1,9,0,737
0.6514203883518642,67,3,1.2632301531064334,7297,13,12,6,18,3,642
0.8297418037072016,84,14,2.600370305555752,1271,4,4,0,4,0,666
0.2064212717606032,66,8,2.6097650173928195,9334,17,3,6,6,3,764
0.010995828658480478,53,19,2.944665374727821,8778,9,13,3,13,1,498
0.13688563006880727,85,18,3.7583808601145963,7008,18,7,9,2,2,799
0.9000186418481051,58,18,3.117389152596482,8987,11,8,5,12,1,315
0.8738900775625152,79,11,3.001407302640185,4332,17,18,7,12,4,595
0.5974131021703083,27,4,0.26757231456521646,1787,16,2,8,9,2,810
0.6005168604336534,38,9,1.8826514389464917,7222,10,4,5,1,4,538
0.6650366745462555,53,16,1.16027869850578,1622,2,17,8,5,1,600
0.1753712786234496,29,4,1.3268505580098773,4841,16,0,3,7,3,305
0.9144119459249598,19,15,2.7716873717017245,4676,0,7,5,3,4,519
0.4187705248920731,30,6,0.9975265746480422,3572,14,18,7,11,0,752
0.38313852824949746,70,8,1.4697455050844876,7915,8,16,8,14,3,732
0.5189177052828375,49,2,1.1854235425867006,6033,14,16,2,7,3,685
0.046965966775055046,33,14,4.742514716090974,8788,2,10,1,6,1,594
0.1662833687560794,49,15,4.723328660855476,6214,18,1,5,13,1,417
0.7380336164263704,49,17,3.0497077929802585,5712,12,5,3,18,2,704
0.08279866792512647,28,13,4.622612343659499,1066,11,13,0,13,2,311
0.6031521094663882,27,2,3.9290632273418655,8533,19,2,7,12,0,508
0.24534910968132095,32,11,2.949739414009044,5616,0,11,8,0,3,464
0.38929561404197655,34,8,0.03217605748397856,2140,16,3,8,18,0,593
0.28869373677069987,57,6,3.8625814303970203,6730,12,11,1,0,0,818
0.35567271646494913,35,8,3.5124417079423442,8465,0,12,8,3,1,377
0.7190459051842455,72,12,3.07626826641207,5471,9,1,6,9,0,733
0.297121715623175,42,17,3.8021215584123587,4339,14,1,4,2,0,376
0.5664046402968972,76,4,2.5646108238738288,1548,6,14,6,19,4,347
0.47605040219909966,39,12,3.5204163566066953,8675,17,16,8,8,2,381
0.6636711653626481,47,3,4.675860433632467,9264,15,6,7,2,2,508
0.936829739324758,61,1,1.8790250792304315,1198,13,13,5,5,3,744
0.7325720972102503,49,15,3.540609174503127,1571,17,11,3,5,2,821
0.21494037859075676,68,8,2.3784390900547936,1790,6,16,0,11,3,328
0.031183135061284672,63,8,3.371998259069908,2174,16,13,5,0,4,603
0.2622640442998251,38,5,3.8144666777718204,1178,17,5,2,15,2,764
0.5950779307002548,49,10,0.2272625021789798,3244,11,18,5,4,4,801
0.05142581348425035,56,0,3.2330022197433097,5086,7,5,5,8,2,745
0.49636624720123634,29,3,1.1337059220347228,1734,1,17,3,9,2,789
0.5968428489168892,64,12,3.350162689037834,7232,6,4,1,12,4,727
0.3342438908169608,35,12,2.3416509296690675,1798,3,5,8,14,0,658
0.7709122037458219,38,12,3.867763709324436,8601,17,1,1,11,0,390
0.1065982531337718,30,1,0.6170040760279821,9979,5,7,2,4,0,352
0.07513778173580876,38,8,3.1316117582809753,3795,8,14,9,4,0,503
0.7281887562036033,25,7,1.3923536446377616,5588,8,14,0,17,2,455
0.49549131620619846,63,6,4.264909976652957,8297,13,10,6,11,1,301
0.688402396427736,24,3,4.641917528181537,4084,7,0,0,2,4,656
0.4348273386037462,40,17,4.981991468395277,1731,18,17,8,6,1,357
0.2464020332391068,39,2,3.9800370121364166,2129,2,11,0,16,1,553
0.8191023176741997,39,5,3.7686703521400227,2605,17,11,4,18,3,479
0.7994158789689793,46,11,1.0775037943377552,3933,4,10,6,17,0,792
0.6946964708544268,30,11,1.6800352949505437,9516,13,7,2,0,2,334
0.2721451372299627,19,7,2.3284127088113977,6074,3,6,8,4,0,374
0.5902306668690871,46,0,3.8669052389112486,8099,6,1,7,1,0,588
0.3609738969400268,69,3,4.574829325389843,2490,19,10,2,0,1,670
0.09158207332663415,44,10,0.9456955001149231,1893,11,9,4,6,3,628
0.9173135754622428,67,2,4.611837423350514,2390,1,2,6,10,0,603
0.1368186309189614,40,12,3.47812326177029,4389,10,19,3,10,4,520
0.9502373538208024,61,16,3.053853653425193,5239,13,9,4,17,4,463
0.44600577295795574,39,9,0.9992063564096976,5479,15,17,2,16,0,779
